{"red": {"low": [169.79567307692307, 142.82451923076923, 139.1466346153846], "high": [189.4110576923077, 222.1033653846154, 217.60817307692307]}, "green": {"low": [49.44711538461539, 67.63221153846155, 45.15625], "high": [92.15144230769232, 187.7764423076923, 194.31490384615384]}, "blue": {"low": [103.3894230769231, 134.24278846153848, 43.112980769230774], "high": [151.81490384615384, 240.6971153846154, 242.33173076923075]}, "yellow": {"low": [18.593750000000014, 75.80528846153848, 87.04326923076923], "high": [34.12259615384616, 255, 255]}, "violet": {"low": [147.31971153846155, 89.69951923076923, 35.55288461538461], "high": [172.45192307692307, 237.2235576923077, 174.2908653846154]}}