{"red": {"low": [0, 196.15384615384613, 213.6237980769231], "high": [13.485576923076934, 255, 247.64423076923077]}, "green": {"low": [45.66706730769231, 250.70913461538464, 247.64423076923077], "high": [52.40985576923079, 255, 255]}, "blue": {"low": [103.59375000000001, 179.60336538461536, 247.9507211538462], "high": [118.91826923076924, 255, 255]}, "yellow": {"low": [23.90625, 194.62139423076923, 153.8581730769231], "high": [46.28004807692308, 255, 255]}, "violet": {"low": [108.49759615384617, 218.83413461538464, 255], "high": [144.66346153846155, 255, 255]}}